{
  "project_info": {
    "project_number": "501017656367",
    "firebase_url": "https://fashion-kart-1c329.firebaseio.com",
    "project_id": "fashion-kart-1c329",
    "storage_bucket": "fashion-kart-1c329.appspot.com"
  },
  "client": [
    {
      "client_info": {
        "mobilesdk_app_id": "1:501017656367:android:8ee977365b2edc3d",
        "android_client_info": {
          "package_name": "com.example.nadeem.myapplication"
        }
      },
      "oauth_client": [
        {
          "client_id": "501017656367-b2m8l2faiugljp41udm9m4ki23meqjhe.apps.googleusercontent.com",
          "client_type": 3
        }
      ],
      "api_key": [
        {
          "current_key": "AIzaSyAXUrHxxxgkkUwJaKSPEXcW4A34Fk97bBk"
        }
      ],
      "services": {
        "analytics_service": {
          "status": 1
        },
        "appinvite_service": {
          "status": 1,
          "other_platform_oauth_client": []
        },
        "ads_service": {
          "status": 2
        }
      }
    },
    {
      "client_info": {
        "mobilesdk_app_id": "1:501017656367:android:f4013dda5a0658b1",
        "android_client_info": {
          "package_name": "com.example.jayghodasara.myyyyyy"
        }
      },
      "oauth_client": [
        {
          "client_id": "501017656367-b2m8l2faiugljp41udm9m4ki23meqjhe.apps.googleusercontent.com",
          "client_type": 3
        }
      ],
      "api_key": [
        {
          "current_key": "AIzaSyAXUrHxxxgkkUwJaKSPEXcW4A34Fk97bBk"
        }
      ],
      "services": {
        "analytics_service": {
          "status": 1
        },
        "appinvite_service": {
          "status": 1,
          "other_platform_oauth_client": []
        },
        "ads_service": {
          "status": 2
        }
      }
    }
  ],
  "configuration_version": "1"
}